{
    "$schema": "https://schema.management.azure.com/schemas/2015-01-01/deploymentParameters.json#",
    "contentVersion": "1.0.0.0",
    "parameters": {
        "subscriptionId": {
            "value": "f9ea5e37-d4fe-41e2-9b82-8829f3217f94"
        },
        "resourceGroupName": {
            "value": "commanmanapi2"
        },
        "name": {
            "value": "commanmanapi"
        },
        "location": {
            "value": "Australia Central"
        },
        "hostingPlanName": {
            "value": "ASP-commanmanapi2-996f"
        },
        "serverFarmResourceGroup": {
            "value": "commanmanapi2"
        },
        "alwaysOn": {
            "value": false
        },
        "ftpsState": {
            "value": "FtpsOnly"
        },
        "sku": {
            "value": "Free"
        },
        "skuCode": {
            "value": "F1"
        },
        "numberOfWorkers": {
            "value": "1"
        },
        "workerSize": {
            "value": "0"
        },
        "workerSizeId": {
            "value": "0"
        },
        "currentStack": {
            "value": "node"
        },
        "phpVersion": {
            "value": "OFF"
        },
        "nodeVersion": {
            "value": "~20"
        }
    }
}